Size,Factor,Empty,Block,Ratio
2,10000000,10832190,9167810,0.5416095
8,2500000,6446132,13553868,0.3223066
32,625000,4009365,15990635,0.20046825
128,156250,2814602,17185398,0.1407301
200,100000,2574616,17425384,0.1287308
800,25000,2099841,17900159,0.10499205
3200,6250,1862225,18137775,0.09311125
12800,1562,1743168,18250432,0.08718629961587708
20000,1000,1719247,18280753,0.08596235
80000,250,1671346,18328654,0.0835673
320000,62,1633504,18206496,0.08233387096774193
1280000,50,5234596,58765404,0.0817905625
2000000,50,8168979,91831021,0.08168979
8000000,50,32577836,367422164,0.08144459
32000000,1,2603634,29396366,0.0813635625
32000000,1,2602576,29397424,0.0813305
32000000,1,2602356,29397644,0.081323625
32000000,1,2603601,29396399,0.08136253125
32000000,1,2602221,29397779,0.08131940625
32000000,1,2603036,29396964,0.081344875
32000000,1,2602060,29397940,0.081314375
32000000,1,2601695,29398305,0.08130296875
32000000,1,2602303,29397697,0.08132196875
32000000,1,2601790,29398210,0.0813059375
32000000,1,2602492,29397508,0.081327875
32000000,1,2603110,29396890,0.0813471875
32000000,1,2600187,29399813,0.08125584375
32000000,1,2602797,29397203,0.08133740625
32000000,1,2603321,29396679,0.08135378125
32000000,1,2602074,29397926,0.0813148125
32000000,1,2603685,29396315,0.08136515625
32000000,1,2602343,29397657,0.08132321875
32000000,1,2600966,29399034,0.0812801875
32000000,1,2602313,29397687,0.08132228125
32000000,1,2602349,29397651,0.08132340625
32000000,1,2603331,29396669,0.08135409375
32000000,1,2602478,29397522,0.0813274375
32000000,1,2601976,29398024,0.08131175
32000000,1,2602200,29397800,0.08131875
32000000,1,2602603,29397397,0.08133134375
32000000,1,2601988,29398012,0.081312125
32000000,1,2601589,29398411,0.08129965625
32000000,1,2602260,29397740,0.081320625
32000000,1,2602156,29397844,0.081317375
32000000,1,2603590,29396410,0.0813621875
32000000,1,2603118,29396882,0.0813474375
32000000,1,2603911,29396089,0.08137221875
32000000,1,2603379,29396621,0.08135559375
32000000,1,2603752,29396248,0.08136725
32000000,1,2601474,29398526,0.0812960625
32000000,1,2602709,29397291,0.08133465625
32000000,1,2601780,29398220,0.081305625
32000000,1,2602443,29397557,0.08132634375
32000000,1,2602221,29397779,0.08131940625
32000000,1,2602426,29397574,0.0813258125
32000000,1,2602676,29397324,0.081333625
32000000,1,2601704,29398296,0.08130325
32000000,1,2602322,29397678,0.0813225625
32000000,1,2602585,29397415,0.08133078125
32000000,1,2602050,29397950,0.0813140625
32000000,1,2601730,29398270,0.0813040625
32000000,1,2602007,29397993,0.08131271875
32000000,1,2602072,29397928,0.08131475
32000000,1,2604153,29395847,0.08137978125
128000000,1,10402936,117597064,0.0812729375
128000000,1,10401656,117598344,0.0812629375
128000000,1,10400917,117599083,0.0812571640625
128000000,1,10402362,117597638,0.081268453125
128000000,1,10402270,117597730,0.081267734375
128000000,1,10402526,117597474,0.081269734375
128000000,1,10399187,117600813,0.0812436484375
128000000,1,10400828,117599172,0.08125646875
128000000,1,10402532,117597468,0.08126978125
128000000,1,10400628,117599372,0.08125490625
128000000,1,10403709,117596291,0.0812789765625
128000000,1,10403162,117596838,0.081274703125
128000000,1,10401272,117598728,0.0812599375
128000000,1,10401610,117598390,0.081262578125
128000000,1,10402974,117597026,0.081273234375
128000000,1,10403870,117596130,0.081280234375
128000000,1,10404439,117595561,0.0812846796875
128000000,1,10400328,117599672,0.0812525625
128000000,1,10402580,117597420,0.08127015625
128000000,1,10402440,117597560,0.0812690625
128000000,1,10399183,117600817,0.0812436171875
128000000,1,10402101,117597899,0.0812664140625
128000000,1,10401622,117598378,0.081262671875
128000000,1,10403076,117596924,0.08127403125
128000000,1,10403571,117596429,0.0812778984375
128000000,1,10398829,117601171,0.0812408515625
128000000,1,10400502,117599498,0.081253921875
128000000,1,10405755,117594245,0.0812949609375
128000000,1,10403926,117596074,0.081280671875
128000000,1,10404755,117595245,0.0812871484375
128000000,1,10402949,117597051,0.0812730390625
128000000,1,10405834,117594166,0.081295578125
128000000,1,10407359,117592641,0.0813074921875
